{
    "RMSE": 28.36804368544204,
    "MAE": 22.99361670363539,
    "R2 Score": 0.8342713629774008,
    "MAPE (%)": 7.556123317990382
}