{
    "RMSE": 0.5045456315774047,
    "MAE": 0.4188849994647867,
    "R2 Score": 0.5356220192968353,
    "MAPE (%)": 8.556917186937426
}