{
    "RMSE": 14.483444492539885,
    "MAE": 11.819083214010691,
    "R\u00b2 Score": 0.8289145735774951,
    "MAPE (%)": 7.365829403621511
}