{
    "RMSE": 0.07247436462631991,
    "MAE": 0.0582742495432552,
    "R2 Score": 0.514765692379431,
    "MAPE (%)": 0.8158755369135517
}